{
	"format_version": "1.8.0",
	"animations": {
		"animation.hag.idle": {
			"loop": true,
			"animation_length": 2,
			"bones": {
				"body": {
					"position": {
						"vector": [0, -1.8, 5]
					}
				},
				"chest": {
					"rotation": {
						"0.0": {
							"vector": [37.86062, 9.12783, 3.81316]
						},
						"1.0": {
							"vector": [35.36062, 9.12783, 3.81316],
							"easing": "easeInCubic"
						},
						"2.0": {
							"vector": [37.86062, 9.12783, 3.81316]
						}
					}
				},
				"torso": {
					"rotation": {
						"vector": [7.4453, -4.82922, 1.29717]
					}
				},
				"legleft": {
					"rotation": {
						"vector": [-31.45254, -22.9377, -6.56844]
					}
				},
				"feetleft": {
					"rotation": {
						"vector": [37.5, 0, 0]
					}
				},
				"legright": {
					"rotation": {
						"vector": [-24.84737, 5.05464, 8.5541]
					}
				},
				"feetright": {
					"rotation": {
						"vector": [40, 0, 0]
					}
				},
				"head": {
					"rotation": {
						"vector": [-37.34897, -5.56773, -0.03826]
					}
				},
				"jaw": {
					"rotation": {
						"vector": [12.5, 0, 0]
					}
				},
				"armright": {
					"rotation": {
						"0.0": {
							"vector": [-31.81825, -18.28441, 25.27245]
						},
						"1.0": {
							"vector": [-32.49054, -16.95373, 27.49313]
						},
						"2.0": {
							"vector": [-31.81825, -18.28441, 25.27245]
						}
					}
				},
				"underarmright": {
					"rotation": {
						"0.0": {
							"vector": [-70, 0, 0]
						},
						"1.0": {
							"vector": [-62.5, 0, 0]
						},
						"2.0": {
							"vector": [-70, 0, 0]
						}
					}
				},
				"handleft2": {
					"rotation": {
						"0.0": {
							"vector": [60.47985, -46.04179, -67.82401]
						},
						"1.0": {
							"vector": [55.88603, -52.42246, -61.77025],
							"easing": "linear"
						},
						"2.0": {
							"vector": [60.47985, -46.04179, -67.82401]
						}
					}
				},
				"thumpright": {
					"rotation": {
						"vector": [-12.31594, -2.15393, -9.76758]
					}
				},
				"fingerright1": {
					"rotation": {
						"vector": [-12.27455, 1.68755, -1.01052]
					}
				},
				"fingerright3": {
					"rotation": {
						"vector": [9.85108, 1.72794, -19.85108]
					}
				},
				"armleft": {
					"rotation": {
						"0.0": {
							"vector": [-21.73634, -5.188, -16.73634]
						},
						"1.0": {
							"vector": [-21.50643, -6.10931, -19.07175]
						},
						"2.0": {
							"vector": [-21.73634, -5.188, -16.73634]
						}
					}
				},
				"underarmleft": {
					"rotation": {
						"0.0": {
							"vector": [-75, 0, 0]
						},
						"1.0": {
							"vector": [-67.5, 0, 0]
						},
						"2.0": {
							"vector": [-75, 0, 0]
						}
					}
				},
				"handheft": {
					"rotation": {
						"0.0": {
							"vector": [54.53328, 38.62363, 53.37949]
						},
						"1.0": {
							"vector": [50.47297, 44.58091, 47.27564]
						},
						"2.0": {
							"vector": [54.53328, 38.62363, 53.37949]
						}
					}
				},
				"thumpleft": {
					"rotation": {
						"vector": [-9.40804, 3.40487, 19.71975]
					}
				},
				"fingerleft1": {
					"rotation": {
						"vector": [-4.88206, 1.08089, 12.45392]
					}
				},
				"fingerleft3": {
					"rotation": {
						"vector": [4.92442, -0.86717, 9.96271]
					}
				},
				"fingerleft2": {
					"rotation": {
						"vector": [0, 0, 7.5]
					}
				},
				"fingerright2": {
					"rotation": {
						"vector": [0, 0, -10]
					}
				}
			}
		},
		"animation.hag.attack": {
			"animation_length": 0.70833,
			"bones": {
				"body": {
					"position": {
						"0.0": {
							"vector": [0, -1.8, 5]
						},
						"0.7083": {
							"vector": [0, -1.8, 5]
						}
					}
				},
				"chest": {
					"rotation": {
						"0.0": {
							"vector": [37.86062, 9.12783, 3.81316]
						},
						"0.125": {
							"vector": [39.30883, 16.95304, 10.21017]
						},
						"0.25": {
							"vector": [36.80883, 16.95304, 10.21017]
						},
						"0.4583": {
							"vector": [35.31324, -7.49275, -7.37682]
						},
						"0.7083": {
							"vector": [37.86062, 9.12783, 3.81316]
						}
					}
				},
				"torso": {
					"rotation": {
						"0.0": {
							"vector": [7.4453, -4.82922, 1.29717]
						},
						"0.125": {
							"vector": [4.9453, -4.82922, 1.29717]
						},
						"0.25": {
							"vector": [5.04972, 12.60529, 2.81927]
						},
						"0.4583": {
							"vector": [22.46829, -7.31987, 1.07995]
						},
						"0.7083": {
							"vector": [7.4453, -4.82922, 1.29717]
						}
					}
				},
				"legleft": {
					"rotation": {
						"0.0": {
							"vector": [-31.45254, -22.9377, -6.56844]
						},
						"0.7083": {
							"vector": [-31.45254, -22.9377, -6.56844]
						}
					}
				},
				"feetleft": {
					"rotation": {
						"0.0": {
							"vector": [37.5, 0, 0]
						},
						"0.7083": {
							"vector": [37.5, 0, 0]
						}
					}
				},
				"legright": {
					"rotation": {
						"0.0": {
							"vector": [-24.84737, 5.05464, 8.5541]
						},
						"0.7083": {
							"vector": [-24.84737, 5.05464, 8.5541]
						}
					}
				},
				"feetright": {
					"rotation": {
						"0.0": {
							"vector": [40, 0, 0]
						},
						"0.7083": {
							"vector": [40, 0, 0]
						}
					}
				},
				"head": {
					"rotation": {
						"0.0": {
							"vector": [-37.34897, -5.56773, -0.03826]
						},
						"0.7083": {
							"vector": [-37.34897, -5.56773, -0.03826]
						}
					}
				},
				"jaw": {
					"rotation": {
						"0.0": {
							"vector": [12.5, 0, 0]
						},
						"0.2917": {
							"vector": [47.5, 0, 0]
						},
						"0.7083": {
							"vector": [12.5, 0, 0]
						}
					}
				},
				"armright": {
					"rotation": {
						"0.0": {
							"vector": [-31.81825, -18.28441, 25.27245]
						},
						"0.125": {
							"vector": [-38.67952, 36.77257, -11.34916]
						},
						"0.25": {
							"vector": [-42.53537, 69.4703, 22.7068]
						},
						"0.4583": {
							"vector": [-88.29438, -1.01907, 43.12442]
						},
						"0.7083": {
							"vector": [-31.81825, -18.28441, 25.27245]
						}
					}
				},
				"underarmright": {
					"rotation": {
						"0.0": {
							"vector": [-70, 0, 0]
						},
						"0.4583": {
							"vector": [-35, 0, 0]
						},
						"0.7083": {
							"vector": [-70, 0, 0]
						}
					}
				},
				"handleft2": {
					"rotation": {
						"0.0": {
							"vector": [60.47985, -46.04179, -67.82401]
						},
						"0.125": {
							"vector": [4.6456, -24.39609, 18.39537]
						},
						"0.25": {
							"vector": [4.32363, -11.93401, 19.42201]
						},
						"0.4583": {
							"vector": [-0.2572, -3.33569, -35.48371]
						},
						"0.7083": {
							"vector": [60.47985, -46.04179, -67.82401]
						}
					}
				},
				"thumpright": {
					"rotation": {
						"0.0": {
							"vector": [-12.31594, -2.15393, -9.76758]
						},
						"0.25": {
							"vector": [-25.78396, -12.06754, -74.65279]
						},
						"0.7083": {
							"vector": [-12.31594, -2.15393, -9.76758]
						}
					}
				},
				"fingerright1": {
					"rotation": {
						"0.0": {
							"vector": [-12.27455, 1.68755, -1.01052]
						},
						"0.25": {
							"vector": [-29.77455, 1.68755, -1.01052]
						},
						"0.7083": {
							"vector": [-12.27455, 1.68755, -1.01052]
						}
					}
				},
				"fingerright3": {
					"rotation": {
						"0.0": {
							"vector": [9.85108, 1.72794, -19.85108]
						},
						"0.25": {
							"vector": [24.85108, 1.72794, -19.85108]
						},
						"0.7083": {
							"vector": [9.85108, 1.72794, -19.85108]
						}
					}
				},
				"armleft": {
					"rotation": {
						"0.0": {
							"vector": [-21.73634, -5.188, -16.73634]
						},
						"0.125": {
							"vector": [-3.07149, -29.65299, -27.43931]
						},
						"0.4583": {
							"vector": [9.42851, -29.65299, -27.43931]
						},
						"0.7083": {
							"vector": [-21.73634, -5.188, -16.73634]
						}
					}
				},
				"underarmleft": {
					"rotation": {
						"0.0": {
							"vector": [-75, 0, 0]
						},
						"0.4583": {
							"vector": [-60, 0, 0]
						},